timestamp,prediction_latency_ms,prefetch_count,cache_hit_rate,prediction_accuracy
2025-12-02T22:22:38.786354,0.027,1,0.0,0.0
2025-12-02T22:22:39.784270,0.027,2,0.0049,0.0049
2025-12-02T22:22:40.787979,0.027,0,0.0049,0.0049
2025-12-02T22:22:41.793019,0.032,0,0.0049,0.0049
2025-12-02T22:22:42.796311,0.03,0,0.0049,0.0049
2025-12-02T22:22:43.800414,0.029,0,0.0049,0.0049
2025-12-02T22:22:44.803036,0.029,2,0.0049,0.0049
2025-12-02T22:22:45.806716,0.029,0,0.0049,0.0049
2025-12-02T22:22:46.811350,0.027,0,0.0049,0.0049
2025-12-02T22:22:47.815970,0.027,0,0.0049,0.0049
2025-12-02T22:22:48.819615,0.027,0,0.0049,0.0049
2025-12-02T22:22:49.824932,0.027,2,0.0049,0.0049
2025-12-02T22:22:50.827636,0.027,0,0.0049,0.0049
2025-12-02T22:22:51.831894,0.026,0,0.0049,0.0049
2025-12-02T22:22:52.835343,0.026,0,0.0049,0.0049
2025-12-02T22:22:53.839916,0.026,0,0.0049,0.0049
2025-12-02T22:22:54.843234,0.026,2,0.0049,0.0049
2025-12-02T22:22:55.862424,0.026,10,0.0061,0.0061
2025-12-02T22:22:56.853844,0.028,11,0.0085,0.0085
2025-12-02T22:22:57.857773,0.031,0,0.0085,0.0085
2025-12-02T22:22:58.862748,0.034,0,0.0085,0.0085
2025-12-02T22:22:59.867722,0.035,0,0.0085,0.0085
2025-12-02T22:23:00.871169,0.035,0,0.0085,0.0085
2025-12-02T22:23:01.875405,0.032,2,0.0085,0.0085
2025-12-02T22:23:02.882218,0.028,2,0.0084,0.0084
2025-12-02T22:23:03.924688,0.026,19,0.0364,0.0364
2025-12-02T22:23:04.889028,0.031,1,0.0363,0.0363
2025-12-02T22:23:05.894111,0.033,0,0.0363,0.0363
2025-12-02T22:23:06.898169,0.033,0,0.0363,0.0363
2025-12-02T22:23:07.903030,0.034,0,0.0363,0.0363
2025-12-02T22:23:08.906801,0.033,0,0.0363,0.0363
2025-12-02T22:23:09.910802,0.029,2,0.0363,0.0363
2025-12-02T22:23:10.917759,0.028,9,0.048,0.048
2025-12-02T22:23:11.920202,0.03,10,0.0717,0.0717
2025-12-02T22:23:12.927082,0.034,0,0.0717,0.0717
2025-12-02T22:23:13.931289,0.034,0,0.0717,0.0717
2025-12-02T22:23:14.935444,0.033,1,0.0717,0.0717
2025-12-02T22:23:15.939817,0.032,0,0.0717,0.0717
2025-12-02T22:23:16.942619,0.031,1,0.0717,0.0717
2025-12-02T22:23:17.948328,0.028,0,0.0717,0.0717
2025-12-02T22:23:18.953099,0.029,0,0.0717,0.0717
2025-12-02T22:23:19.956894,0.029,1,0.0717,0.0717
2025-12-02T22:23:20.963616,0.028,0,0.0717,0.0717
2025-12-02T22:23:21.966411,0.028,1,0.0717,0.0717
2025-12-02T22:23:22.970917,0.027,0,0.0717,0.0717
2025-12-02T22:23:23.975685,0.025,0,0.0717,0.0717
2025-12-02T22:23:24.980617,0.026,1,0.0717,0.0717
2025-12-02T22:23:26.022647,0.029,17,0.0999,0.0999
2025-12-02T22:23:26.989444,0.035,7,0.1094,0.1094
2025-12-02T22:23:28.005437,0.035,0,0.1094,0.1094
2025-12-02T22:23:29.018961,0.036,0,0.1094,0.1094
2025-12-02T22:23:30.024847,0.036,0,0.1094,0.1094
2025-12-02T22:23:31.027939,0.034,0,0.1094,0.1094
2025-12-02T22:23:32.031655,0.028,2,0.1094,0.1094
2025-12-02T22:23:33.040193,0.028,9,0.1229,0.1229
2025-12-02T22:23:34.040818,0.03,11,0.1423,0.1423
2025-12-02T22:23:35.045138,0.029,0,0.1423,0.1423
2025-12-02T22:23:36.050092,0.028,0,0.1423,0.1423
2025-12-02T22:23:37.055365,0.029,0,0.1423,0.1423
2025-12-02T22:23:38.059758,0.028,0,0.1423,0.1423
2025-12-02T22:23:39.064520,0.025,2,0.1423,0.1423
2025-12-02T22:23:40.130253,0.025,7,0.157,0.157
2025-12-02T22:23:41.075343,0.025,13,0.1702,0.1702
2025-12-02T22:23:42.078261,0.028,0,0.1702,0.1702
2025-12-02T22:23:43.081023,0.03,0,0.1702,0.1702
2025-12-02T22:23:44.085493,0.03,1,0.1702,0.1702
2025-12-02T22:23:45.088918,0.03,0,0.1702,0.1702
2025-12-02T22:23:46.093641,0.03,1,0.1702,0.1702
2025-12-02T22:23:47.097882,0.027,0,0.1702,0.1702
2025-12-02T22:23:48.102266,0.025,0,0.1702,0.1702
2025-12-02T22:23:49.106833,0.024,1,0.1702,0.1702
2025-12-02T22:23:50.110510,0.024,0,0.1702,0.1702
2025-12-02T22:23:51.114557,0.024,1,0.1702,0.1702
2025-12-02T22:23:52.119001,0.023,0,0.1702,0.1702
2025-12-02T22:23:53.123057,0.023,0,0.1702,0.1702
2025-12-02T22:23:54.127683,0.023,1,0.1702,0.1702
2025-12-02T22:23:55.171288,0.024,9,0.1794,0.1794
2025-12-02T22:23:56.135914,0.026,11,0.1939,0.1939
2025-12-02T22:23:57.139923,0.027,0,0.1939,0.1939
2025-12-02T22:23:58.143386,0.029,0,0.1939,0.1939
2025-12-02T22:23:59.147828,0.029,0,0.1939,0.1939
2025-12-02T22:24:00.152542,0.03,0,0.1939,0.1939
2025-12-02T22:24:01.156178,0.028,2,0.1939,0.1939
2025-12-02T22:24:02.160717,0.027,0,0.1939,0.1939
2025-12-02T22:24:03.170661,0.026,17,0.2134,0.2134
2025-12-02T22:24:04.169437,0.026,1,0.2151,0.2151
2025-12-02T22:24:05.174159,0.027,0,0.2151,0.2151
2025-12-02T22:24:06.177645,0.028,0,0.2151,0.2151
2025-12-02T22:24:07.182169,0.028,0,0.2151,0.2151
2025-12-02T22:24:08.190124,0.028,1,0.2151,0.2151
2025-12-02T22:24:09.192721,0.027,1,0.2151,0.2151
2025-12-02T22:24:10.197221,0.026,17,0.2306,0.2306
2025-12-02T22:24:11.199521,0.027,2,0.2321,0.2321
2025-12-02T22:24:12.253949,0.027,0,0.2321,0.2321
2025-12-02T22:24:13.258230,0.028,0,0.2321,0.2321
2025-12-02T22:24:14.262520,0.028,0,0.2321,0.2321
2025-12-02T22:24:15.268826,0.028,1,0.2321,0.2321
2025-12-02T22:24:16.272435,0.028,1,0.2321,0.2321
2025-12-02T22:24:17.280456,0.03,0,0.2321,0.2321
2025-12-02T22:24:18.313510,0.033,0,0.2321,0.2321
2025-12-02T22:24:19.317662,0.032,0,0.2321,0.2321
2025-12-02T22:24:20.322532,0.032,1,0.2321,0.2321
2025-12-02T22:24:21.326755,0.032,1,0.2321,0.2321
2025-12-02T22:24:22.331812,0.032,0,0.2321,0.2321
2025-12-02T22:24:23.340201,0.031,0,0.2321,0.2321
2025-12-02T22:24:24.344916,0.034,0,0.2321,0.2321
2025-12-02T22:24:25.351227,0.037,1,0.2321,0.2321
2025-12-02T22:24:26.354255,0.037,1,0.2321,0.2321
2025-12-02T22:24:27.357481,0.034,0,0.2321,0.2321
2025-12-02T22:24:28.361376,0.033,0,0.2321,0.2321
2025-12-02T22:24:29.368655,0.032,0,0.2321,0.2321
2025-12-02T22:24:30.376777,0.033,1,0.2321,0.2321
2025-12-02T22:24:31.456162,0.032,17,0.2376,0.2376
2025-12-02T22:24:32.383665,0.032,2,0.2382,0.2382
2025-12-02T22:24:33.387387,0.032,0,0.2382,0.2382
2025-12-02T22:24:34.391339,0.03,0,0.2382,0.2382
2025-12-02T22:24:35.396072,0.025,0,0.2382,0.2382
2025-12-02T22:24:36.399997,0.027,0,0.2382,0.2382
2025-12-02T22:24:37.406850,0.028,2,0.2382,0.2382
2025-12-02T22:24:38.466661,0.028,10,0.2424,0.2424
2025-12-02T22:24:39.468993,0.029,7,0.245,0.245
2025-12-02T22:24:40.473143,0.029,0,0.245,0.245
2025-12-02T22:24:41.478418,0.026,0,0.245,0.245
2025-12-02T22:24:42.481607,0.026,0,0.245,0.245
2025-12-02T22:24:43.485149,0.026,0,0.245,0.245
2025-12-02T22:24:44.490238,0.025,2,0.245,0.245
2025-12-02T22:24:45.496492,0.025,10,0.246,0.246
2025-12-02T22:24:46.499131,0.026,9,0.2493,0.2493
2025-12-02T22:24:47.502282,0.026,0,0.2493,0.2493
2025-12-02T22:24:48.506127,0.026,0,0.2493,0.2493
2025-12-02T22:24:49.510910,0.028,0,0.2493,0.2493
2025-12-02T22:24:50.514985,0.028,0,0.2493,0.2493
2025-12-02T22:24:51.519557,0.027,2,0.2493,0.2493
2025-12-02T22:24:52.522706,0.027,0,0.2493,0.2493
2025-12-02T22:24:53.527272,0.027,0,0.2493,0.2493
2025-12-02T22:24:54.530713,0.026,0,0.2493,0.2493
2025-12-02T22:24:55.534429,0.026,0,0.2493,0.2493
2025-12-02T22:24:56.538153,0.026,2,0.2493,0.2493
2025-12-02T22:24:57.543039,0.026,0,0.2493,0.2493
2025-12-02T22:24:58.546647,0.027,0,0.2493,0.2493
2025-12-02T22:24:59.551919,0.026,0,0.2493,0.2493
2025-12-02T22:25:00.559893,0.026,7,0.2518,0.2518
2025-12-02T22:25:01.561676,0.027,15,0.2581,0.2581
2025-12-02T22:25:02.565858,0.026,0,0.2581,0.2581
2025-12-02T22:25:03.571479,0.025,0,0.2581,0.2581
2025-12-02T22:25:04.574834,0.025,0,0.2581,0.2581
2025-12-02T22:25:05.579820,0.025,0,0.2581,0.2581
2025-12-02T22:25:06.582962,0.024,2,0.2581,0.2581
2025-12-02T22:25:07.705126,0.025,5,0.2603,0.2603
2025-12-02T22:25:08.652393,0.026,16,0.2676,0.2676
2025-12-02T22:25:09.654399,0.03,0,0.2676,0.2676
2025-12-02T22:25:10.659926,0.031,0,0.2676,0.2676
2025-12-02T22:25:11.663533,0.032,0,0.2676,0.2676
2025-12-02T22:25:12.667392,0.031,0,0.2676,0.2676
2025-12-02T22:25:13.719567,0.035,2,0.2676,0.2676
2025-12-02T22:25:14.726670,0.032,0,0.2676,0.2676
2025-12-02T22:25:15.730713,0.033,0,0.2676,0.2676
2025-12-02T22:25:16.755167,0.033,2,0.2682,0.2682
2025-12-02T22:25:17.778654,0.034,19,0.2744,0.2744
2025-12-02T22:25:18.761327,0.028,0,0.2744,0.2744
2025-12-02T22:25:19.765516,0.03,0,0.2744,0.2744
2025-12-02T22:25:20.769909,0.028,0,0.2744,0.2744
2025-12-02T22:25:21.773824,0.028,0,0.2744,0.2744
2025-12-02T22:25:22.779247,0.029,2,0.2744,0.2744
2025-12-02T22:25:23.782077,0.028,0,0.2744,0.2744
2025-12-02T22:25:24.786467,0.026,0,0.2744,0.2744
2025-12-02T22:25:25.801206,0.026,0,0.2744,0.2744
2025-12-02T22:25:26.805497,0.026,0,0.2744,0.2744
2025-12-02T22:25:27.810902,0.026,2,0.2744,0.2744
2025-12-02T22:25:28.812007,0.028,0,0.2744,0.2744
2025-12-02T22:25:29.815881,0.028,0,0.2744,0.2744
2025-12-02T22:25:30.819362,0.028,0,0.2744,0.2744
2025-12-02T22:25:31.824553,0.028,0,0.2744,0.2744
2025-12-02T22:25:32.857271,0.027,13,0.278,0.278
2025-12-02T22:25:33.864852,0.026,6,0.2802,0.2802
2025-12-02T22:25:34.869227,0.025,0,0.2802,0.2802
2025-12-02T22:25:35.875242,0.025,0,0.2802,0.2802
2025-12-02T22:25:36.879248,0.025,0,0.2802,0.2802
2025-12-02T22:25:37.883865,0.026,0,0.2802,0.2802
2025-12-02T22:25:38.889105,0.024,2,0.2802,0.2802
2025-12-02T22:25:39.931567,0.025,10,0.2812,0.2812
2025-12-02T22:25:40.910859,0.026,7,0.2832,0.2832
2025-12-02T22:25:41.914873,0.026,0,0.2832,0.2832
2025-12-02T22:25:42.920071,0.026,0,0.2832,0.2832
2025-12-02T22:25:43.923641,0.026,0,0.2832,0.2832
2025-12-02T22:25:44.927689,0.029,0,0.2832,0.2832
2025-12-02T22:25:45.931638,0.028,2,0.2832,0.2832
2025-12-02T22:25:46.956782,0.027,10,0.2853,0.2853
2025-12-02T22:25:47.964430,0.029,9,0.2903,0.2903
2025-12-02T22:25:48.968180,0.03,0,0.2903,0.2903
2025-12-02T22:25:49.973393,0.027,0,0.2903,0.2903
2025-12-02T22:25:50.978459,0.028,0,0.2903,0.2903
2025-12-02T22:25:51.982454,0.028,0,0.2903,0.2903
2025-12-02T22:25:52.986047,0.027,2,0.2903,0.2903
2025-12-02T22:25:53.991226,0.025,0,0.2903,0.2903
2025-12-02T22:25:54.995693,0.025,0,0.2903,0.2903
2025-12-02T22:25:56.000399,0.028,0,0.2903,0.2903
2025-12-02T22:25:57.003904,0.028,0,0.2903,0.2903
2025-12-02T22:25:58.007647,0.029,2,0.2903,0.2903
2025-12-02T22:25:59.012406,0.029,0,0.2903,0.2903
2025-12-02T22:26:00.016689,0.03,0,0.2903,0.2903
2025-12-02T22:26:01.022845,0.032,1,0.2907,0.2907
2025-12-02T22:26:02.026422,0.031,17,0.2986,0.2986
2025-12-02T22:26:03.030840,0.032,0,0.2986,0.2986
2025-12-02T22:26:04.035779,0.032,0,0.2986,0.2986
2025-12-02T22:26:05.040577,0.031,0,0.2986,0.2986
2025-12-02T22:26:06.045479,0.026,0,0.2986,0.2986
2025-12-02T22:26:07.051211,0.025,2,0.2986,0.2986
2025-12-02T22:26:08.080795,0.024,6,0.3,0.3
2025-12-02T22:26:09.083490,0.024,17,0.3047,0.3047
2025-12-02T22:26:10.086929,0.025,0,0.3047,0.3047
2025-12-02T22:26:11.090568,0.026,0,0.3047,0.3047
2025-12-02T22:26:12.095448,0.027,0,0.3047,0.3047
2025-12-02T22:26:13.098593,0.027,0,0.3047,0.3047
2025-12-02T22:26:14.103590,0.027,2,0.3047,0.3047
2025-12-02T22:26:15.110323,0.025,1,0.3053,0.3053
2025-12-02T22:26:16.143428,0.028,18,0.3106,0.3106
2025-12-02T22:26:17.116703,0.029,1,0.3106,0.3106
2025-12-02T22:26:18.121674,0.029,0,0.3106,0.3106
2025-12-02T22:26:19.125634,0.029,0,0.3106,0.3106
2025-12-02T22:26:20.130513,0.03,0,0.3106,0.3106
2025-12-02T22:26:21.135082,0.026,1,0.3106,0.3106
2025-12-02T22:26:22.139667,0.025,1,0.3106,0.3106
2025-12-02T22:26:23.145248,0.027,0,0.3106,0.3106
2025-12-02T22:26:24.149672,0.027,0,0.3106,0.3106
2025-12-02T22:26:25.154866,0.027,0,0.3106,0.3106
2025-12-02T22:26:26.158133,0.027,1,0.3106,0.3106
2025-12-02T22:26:27.163724,0.029,1,0.3106,0.3106
2025-12-02T22:26:28.167540,0.027,0,0.3106,0.3106
2025-12-02T22:26:29.172044,0.027,0,0.3106,0.3106
2025-12-02T22:26:30.175854,0.027,0,0.3106,0.3106
2025-12-02T22:26:31.184187,0.027,3,0.3107,0.3107
2025-12-02T22:26:32.186980,0.026,17,0.3149,0.3149
2025-12-02T22:26:33.188633,0.028,1,0.3156,0.3156
2025-12-02T22:26:34.193298,0.028,0,0.3156,0.3156
2025-12-02T22:26:35.267599,0.028,0,0.3156,0.3156
2025-12-02T22:26:36.272042,0.028,0,0.3156,0.3156
2025-12-02T22:26:37.275065,0.029,1,0.3156,0.3156
2025-12-02T22:26:38.279779,0.03,1,0.3156,0.3156
2025-12-02T22:26:39.284325,0.03,0,0.3156,0.3156
2025-12-02T22:26:40.383114,0.033,16,0.3164,0.3164
2025-12-02T22:26:41.303798,0.036,8,0.3176,0.3176
2025-12-02T22:26:42.339734,0.035,0,0.3176,0.3176
2025-12-02T22:26:43.343813,0.035,0,0.3176,0.3176
2025-12-02T22:26:44.347405,0.035,0,0.3176,0.3176
2025-12-02T22:26:45.355275,0.035,0,0.3176,0.3176
2025-12-02T22:26:46.371192,0.032,2,0.3176,0.3176
2025-12-02T22:26:47.378104,0.032,0,0.3176,0.3176
2025-12-02T22:26:48.381461,0.031,0,0.3176,0.3176
2025-12-02T22:26:49.387111,0.03,7,0.3169,0.3169
2025-12-02T22:26:50.389690,0.028,12,0.3202,0.3202
2025-12-02T22:26:51.394842,0.031,0,0.3202,0.3202
2025-12-02T22:26:52.399010,0.033,0,0.3202,0.3202
2025-12-02T22:26:53.404545,0.032,0,0.3202,0.3202
2025-12-02T22:26:54.409442,0.033,0,0.3202,0.3202
2025-12-02T22:26:55.413482,0.032,2,0.3202,0.3202
2025-12-02T22:26:56.416208,0.031,0,0.3202,0.3202
2025-12-02T22:26:57.421415,0.031,0,0.3202,0.3202
2025-12-02T22:26:58.425739,0.03,0,0.3202,0.3202
2025-12-02T22:26:59.431912,0.03,0,0.3202,0.3202
2025-12-02T22:27:00.435566,0.029,2,0.3202,0.3202
2025-12-02T22:27:01.439469,0.028,0,0.3202,0.3202
2025-12-02T22:27:02.443934,0.026,0,0.3202,0.3202
2025-12-02T22:27:03.449353,0.027,0,0.3202,0.3202
2025-12-02T22:27:04.454202,0.026,4,0.3218,0.3218
2025-12-02T22:27:05.457254,0.028,13,0.3227,0.3227
2025-12-02T22:27:06.461717,0.031,0,0.3227,0.3227
2025-12-02T22:27:07.467202,0.032,0,0.3227,0.3227
2025-12-02T22:27:08.470411,0.031,0,0.3227,0.3227
2025-12-02T22:27:09.475448,0.031,0,0.3227,0.3227
2025-12-02T22:27:10.480297,0.029,2,0.3227,0.3227
2025-12-02T22:27:11.501903,0.026,8,0.3237,0.3237
2025-12-02T22:27:12.491344,0.026,12,0.3247,0.3247
2025-12-02T22:27:13.492985,0.028,0,0.3247,0.3247
2025-12-02T22:27:14.496668,0.028,0,0.3247,0.3247
2025-12-02T22:27:15.501094,0.029,0,0.3247,0.3247
2025-12-02T22:27:16.504500,0.027,0,0.3247,0.3247
2025-12-02T22:27:17.509735,0.024,2,0.3247,0.3247
2025-12-02T22:27:18.545957,0.024,11,0.3261,0.3261
2025-12-02T22:27:19.519733,0.025,16,0.329,0.329
2025-12-02T22:27:20.523376,0.028,0,0.329,0.329
2025-12-02T22:27:21.527403,0.031,0,0.329,0.329
2025-12-02T22:27:22.531680,0.032,0,0.329,0.329
2025-12-02T22:27:23.535959,0.032,0,0.329,0.329
2025-12-02T22:27:24.541295,0.033,2,0.329,0.329
2025-12-02T22:27:25.546100,0.031,0,0.329,0.329
2025-12-02T22:27:26.550348,0.029,0,0.329,0.329
2025-12-02T22:27:27.555146,0.029,0,0.329,0.329
2025-12-02T22:27:28.559304,0.029,0,0.329,0.329
2025-12-02T22:27:29.565347,0.03,2,0.329,0.329
2025-12-02T22:27:30.569134,0.032,0,0.329,0.329
2025-12-02T22:27:31.583137,0.033,0,0.329,0.329
2025-12-02T22:27:32.585979,0.031,0,0.329,0.329
2025-12-02T22:27:33.590643,0.033,0,0.329,0.329
2025-12-02T22:27:34.595349,0.033,2,0.329,0.329
2025-12-02T22:27:35.598380,0.031,0,0.329,0.329
2025-12-02T22:27:36.601725,0.028,0,0.329,0.329
2025-12-02T22:27:37.607332,0.029,0,0.329,0.329
2025-12-02T22:27:38.644767,0.027,19,0.3321,0.3321
2025-12-02T22:27:39.614721,0.027,4,0.3324,0.3324
2025-12-02T22:27:40.619962,0.029,0,0.3324,0.3324
2025-12-02T22:27:41.624510,0.03,0,0.3324,0.3324
2025-12-02T22:27:42.630195,0.031,0,0.3324,0.3324
2025-12-02T22:27:43.651528,0.034,0,0.3324,0.3324
2025-12-02T22:27:44.645196,0.031,2,0.3324,0.3324
2025-12-02T22:27:45.697437,0.029,10,0.3337,0.3337
2025-12-02T22:27:46.656548,0.03,10,0.3364,0.3364
2025-12-02T22:27:47.659649,0.03,0,0.3364,0.3364
2025-12-02T22:27:48.663880,0.027,0,0.3364,0.3364
2025-12-02T22:27:49.666832,0.028,0,0.3364,0.3364
2025-12-02T22:27:50.671167,0.027,0,0.3364,0.3364
2025-12-02T22:27:51.674636,0.026,2,0.3364,0.3364
2025-12-02T22:27:52.857153,0.024,10,0.3384,0.3384
2025-12-02T22:27:53.859986,0.026,7,0.3385,0.3385
2025-12-02T22:27:54.865418,0.03,0,0.3385,0.3385
2025-12-02T22:27:55.870126,0.034,0,0.3385,0.3385
2025-12-02T22:27:56.873387,0.035,0,0.3385,0.3385
2025-12-02T22:27:57.876908,0.035,0,0.3385,0.3385
2025-12-02T22:27:58.881121,0.032,2,0.3385,0.3385
2025-12-02T22:27:59.886041,0.031,0,0.3385,0.3385
2025-12-02T22:28:00.890492,0.026,0,0.3385,0.3385
2025-12-02T22:28:01.894789,0.026,0,0.3385,0.3385
2025-12-02T22:28:02.903034,0.028,0,0.3385,0.3385
2025-12-02T22:28:03.907016,0.029,2,0.3385,0.3385
2025-12-02T22:28:04.911356,0.032,0,0.3385,0.3385
2025-12-02T22:28:05.914822,0.033,0,0.3385,0.3385
2025-12-02T22:28:06.919787,0.034,0,0.3385,0.3385
2025-12-02T22:28:07.938048,0.033,5,0.3387,0.3387
2025-12-02T22:28:08.929242,0.035,17,0.3417,0.3417
2025-12-02T22:28:09.932972,0.033,0,0.3417,0.3417
2025-12-02T22:28:10.937578,0.032,0,0.3417,0.3417
2025-12-02T22:28:11.942565,0.032,0,0.3417,0.3417
2025-12-02T22:28:12.946085,0.031,0,0.3417,0.3417
2025-12-02T22:28:13.952285,0.03,2,0.3417,0.3417
2025-12-02T22:28:14.957916,0.027,5,0.343,0.343
2025-12-02T22:28:16.117547,0.028,14,0.3449,0.3449
2025-12-02T22:28:17.122087,0.029,0,0.3449,0.3449
2025-12-02T22:28:18.125958,0.034,0,0.3449,0.3449
2025-12-02T22:28:19.129614,0.035,0,0.3449,0.3449
2025-12-02T22:28:20.131970,0.033,0,0.3449,0.3449
2025-12-02T22:28:21.137829,0.032,2,0.3449,0.3449
2025-12-02T22:28:22.192862,0.032,15,0.3474,0.3474
2025-12-02T22:28:23.148428,0.034,5,0.3474,0.3474
2025-12-02T22:28:24.150845,0.034,0,0.3474,0.3474
2025-12-02T22:28:25.155402,0.035,0,0.3474,0.3474
2025-12-02T22:28:26.160667,0.034,0,0.3474,0.3474
2025-12-02T22:28:27.165478,0.036,0,0.3474,0.3474
2025-12-02T22:28:28.168839,0.03,2,0.3474,0.3474
2025-12-02T22:28:29.172497,0.029,0,0.3474,0.3474
2025-12-02T22:28:30.177409,0.029,0,0.3474,0.3474
2025-12-02T22:28:31.183321,0.031,0,0.3474,0.3474
2025-12-02T22:28:32.186521,0.029,0,0.3474,0.3474
2025-12-02T22:28:33.190906,0.031,2,0.3474,0.3474
2025-12-02T22:28:34.196743,0.034,0,0.3474,0.3474
2025-12-02T22:28:35.201684,0.035,0,0.3474,0.3474
2025-12-02T22:28:36.205464,0.032,0,0.3474,0.3474
2025-12-02T22:28:37.227614,0.032,9,0.3486,0.3486
2025-12-02T22:28:38.214432,0.033,12,0.3508,0.3508
2025-12-02T22:28:39.219777,0.031,0,0.3508,0.3508
2025-12-02T22:28:40.224399,0.03,0,0.3508,0.3508
2025-12-02T22:28:41.228130,0.033,0,0.3508,0.3508
2025-12-02T22:28:42.232410,0.033,0,0.3508,0.3508
2025-12-02T22:28:43.236553,0.03,2,0.3508,0.3508
2025-12-02T22:28:44.240803,0.028,0,0.3508,0.3508
2025-12-02T22:28:45.324134,0.028,13,0.3527,0.3527
2025-12-02T22:28:46.250210,0.027,4,0.3534,0.3534
2025-12-02T22:28:47.254138,0.026,0,0.3534,0.3534
2025-12-02T22:28:48.258419,0.028,1,0.3534,0.3534
2025-12-02T22:28:49.261945,0.028,0,0.3534,0.3534
2025-12-02T22:28:50.266447,0.028,0,0.3534,0.3534
2025-12-02T22:28:51.273581,0.026,1,0.3532,0.3532
2025-12-02T22:28:52.278799,0.026,18,0.3551,0.3551
2025-12-02T22:28:53.283297,0.028,5,0.3559,0.3559
2025-12-02T22:28:54.286006,0.03,0,0.3559,0.3559
2025-12-02T22:28:55.290008,0.031,0,0.3559,0.3559
2025-12-02T22:28:56.293002,0.032,0,0.3559,0.3559
2025-12-02T22:28:57.297853,0.032,0,0.3559,0.3559
2025-12-02T22:28:58.302145,0.029,2,0.3559,0.3559
2025-12-02T22:28:59.305743,0.026,0,0.3559,0.3559
2025-12-02T22:29:00.310995,0.025,0,0.3559,0.3559
2025-12-02T22:29:01.316387,0.025,0,0.3559,0.3559
2025-12-02T22:29:02.319827,0.026,0,0.3559,0.3559
2025-12-02T22:29:03.324270,0.024,2,0.3559,0.3559
2025-12-02T22:29:04.328666,0.025,0,0.3559,0.3559
2025-12-02T22:29:05.333083,0.026,0,0.3559,0.3559
2025-12-02T22:29:06.342850,0.026,7,0.357,0.357
2025-12-02T22:29:07.344530,0.027,10,0.359,0.359
2025-12-02T22:29:08.349094,0.029,0,0.359,0.359
2025-12-02T22:29:09.352284,0.029,0,0.359,0.359
2025-12-02T22:29:10.357108,0.028,0,0.359,0.359
2025-12-02T22:29:11.361174,0.027,0,0.359,0.359
2025-12-02T22:29:12.364849,0.025,2,0.359,0.359
2025-12-02T22:29:13.410570,0.027,15,0.361,0.361
2025-12-02T22:29:14.396175,0.03,8,0.3624,0.3624
2025-12-02T22:29:15.401535,0.032,0,0.3624,0.3624
2025-12-02T22:29:16.405837,0.034,0,0.3624,0.3624
2025-12-02T22:29:17.409649,0.034,0,0.3624,0.3624
2025-12-02T22:29:18.414709,0.031,0,0.3624,0.3624
2025-12-02T22:29:19.418491,0.027,2,0.3624,0.3624
2025-12-02T22:29:20.451836,0.025,15,0.3654,0.3654
2025-12-02T22:29:21.485287,0.031,5,0.3665,0.3665
2025-12-02T22:29:22.489547,0.034,0,0.3665,0.3665
2025-12-02T22:29:23.495016,0.035,0,0.3665,0.3665
2025-12-02T22:29:24.499239,0.038,0,0.3665,0.3665
2025-12-02T22:29:25.503717,0.039,0,0.3665,0.3665
2025-12-02T22:29:26.507579,0.032,2,0.3665,0.3665
2025-12-02T22:29:27.511706,0.03,0,0.3665,0.3665
2025-12-02T22:29:28.516202,0.029,0,0.3665,0.3665
2025-12-02T22:29:29.520187,0.025,0,0.3665,0.3665
2025-12-02T22:29:30.524674,0.024,0,0.3665,0.3665
2025-12-02T22:29:31.528714,0.027,2,0.3665,0.3665
2025-12-02T22:29:32.535881,0.03,0,0.3665,0.3665
2025-12-02T22:29:33.538779,0.031,0,0.3665,0.3665
2025-12-02T22:29:34.542288,0.032,0,0.3665,0.3665
2025-12-02T22:29:35.545945,0.033,0,0.3665,0.3665
2025-12-02T22:29:36.641471,0.032,4,0.3666,0.3666
2025-12-02T22:29:37.556070,0.029,18,0.3672,0.3672
2025-12-02T22:29:38.559225,0.032,4,0.3679,0.3679
2025-12-02T22:29:39.564586,0.033,0,0.3679,0.3679
2025-12-02T22:29:40.571351,0.032,0,0.3679,0.3679
2025-12-02T22:29:41.573154,0.033,0,0.3679,0.3679
2025-12-02T22:29:42.577763,0.031,0,0.3679,0.3679
2025-12-02T22:29:43.588250,0.029,5,0.3678,0.3678
2025-12-02T22:29:44.608529,0.028,19,0.3694,0.3694
2025-12-02T22:29:45.593820,0.03,0,0.3694,0.3694
2025-12-02T22:29:46.599905,0.029,0,0.3694,0.3694
2025-12-02T22:29:47.602742,0.03,0,0.3694,0.3694
2025-12-02T22:29:48.606654,0.03,0,0.3694,0.3694
2025-12-02T22:29:49.612915,0.029,2,0.3694,0.3694
2025-12-02T22:29:50.618781,0.027,8,0.3705,0.3705
2025-12-02T22:29:51.622905,0.029,16,0.3714,0.3714
2025-12-02T22:29:52.628617,0.031,0,0.3714,0.3714
2025-12-02T22:29:53.631604,0.031,0,0.3714,0.3714
2025-12-02T22:29:54.636365,0.031,0,0.3714,0.3714
2025-12-02T22:29:55.640577,0.031,0,0.3714,0.3714
2025-12-02T22:29:56.644615,0.031,2,0.3714,0.3714
2025-12-02T22:29:57.649934,0.032,0,0.3714,0.3714
2025-12-02T22:29:58.653551,0.031,0,0.3714,0.3714
2025-12-02T22:29:59.657320,0.031,0,0.3714,0.3714
2025-12-02T22:30:00.662307,0.031,0,0.3714,0.3714
2025-12-02T22:30:01.666353,0.03,2,0.3714,0.3714
2025-12-02T22:30:02.671829,0.027,0,0.3714,0.3714
2025-12-02T22:30:03.676011,0.026,0,0.3714,0.3714
2025-12-02T22:30:04.681510,0.026,0,0.3714,0.3714
2025-12-02T22:30:05.686551,0.026,0,0.3714,0.3714
2025-12-02T22:30:06.702289,0.025,11,0.3719,0.3719
2025-12-02T22:30:07.696659,0.026,12,0.3749,0.3749
2025-12-02T22:30:08.702319,0.028,0,0.3749,0.3749
2025-12-02T22:30:09.706962,0.028,0,0.3749,0.3749
2025-12-02T22:30:10.711517,0.028,0,0.3749,0.3749
2025-12-02T22:30:11.715585,0.029,0,0.3749,0.3749
2025-12-02T22:30:12.720037,0.028,2,0.3749,0.3749
2025-12-02T22:30:13.726515,0.027,17,0.3775,0.3775
2025-12-02T22:30:14.728864,0.03,6,0.3787,0.3787
2025-12-02T22:30:15.733288,0.032,0,0.3787,0.3787
2025-12-02T22:30:16.738082,0.03,0,0.3787,0.3787
2025-12-02T22:30:17.741152,0.03,0,0.3787,0.3787
2025-12-02T22:30:18.744882,0.028,0,0.3787,0.3787
2025-12-02T22:30:19.749977,0.024,2,0.3787,0.3787
2025-12-02T22:30:20.774185,0.026,18,0.3811,0.3811
2025-12-02T22:30:21.757901,0.027,3,0.3815,0.3815
2025-12-02T22:30:22.763281,0.029,0,0.3815,0.3815
2025-12-02T22:30:23.770959,0.032,0,0.3815,0.3815
2025-12-02T22:30:24.773207,0.033,0,0.3815,0.3815
2025-12-02T22:30:25.777421,0.032,0,0.3815,0.3815
2025-12-02T22:30:26.781103,0.032,2,0.3815,0.3815
2025-12-02T22:30:27.786077,0.031,0,0.3815,0.3815
2025-12-02T22:30:28.791432,0.029,0,0.3815,0.3815
2025-12-02T22:30:29.797492,0.029,0,0.3815,0.3815
2025-12-02T22:30:30.802655,0.028,0,0.3815,0.3815
2025-12-02T22:30:31.806310,0.027,2,0.3815,0.3815
2025-12-02T22:30:32.812052,0.025,0,0.3815,0.3815
2025-12-02T22:30:33.817100,0.026,0,0.3815,0.3815
2025-12-02T22:30:34.871285,0.027,7,0.3826,0.3826
2025-12-02T22:30:35.844215,0.028,18,0.3848,0.3848
2025-12-02T22:30:36.833954,0.032,0,0.3848,0.3848
2025-12-02T22:30:37.837742,0.032,0,0.3848,0.3848
2025-12-02T22:30:38.840529,0.031,0,0.3848,0.3848
2025-12-02T22:30:39.845107,0.029,0,0.3848,0.3848
2025-12-02T22:30:40.850246,0.027,2,0.3848,0.3848
2025-12-02T22:30:41.873243,0.023,1,0.3851,0.3851
2025-12-02T22:30:42.858571,0.026,16,0.3882,0.3882
2025-12-02T22:30:43.863447,0.028,0,0.3882,0.3882
2025-12-02T22:30:44.867257,0.028,0,0.3882,0.3882
2025-12-02T22:30:45.871260,0.029,0,0.3882,0.3882
2025-12-02T22:30:46.874957,0.029,0,0.3882,0.3882
2025-12-02T22:30:47.881284,0.026,2,0.3882,0.3882
2025-12-02T22:30:48.889593,0.025,6,0.388,0.388
2025-12-02T22:30:49.890068,0.026,16,0.3904,0.3904
2025-12-02T22:30:50.895157,0.028,0,0.3904,0.3904
2025-12-02T22:30:51.900597,0.031,0,0.3904,0.3904
2025-12-02T22:30:52.905508,0.032,1,0.3904,0.3904
2025-12-02T22:30:53.909034,0.033,0,0.3904,0.3904
2025-12-02T22:30:54.914837,0.033,1,0.3904,0.3904
2025-12-02T22:30:55.918617,0.03,0,0.3904,0.3904
2025-12-02T22:30:56.921727,0.028,0,0.3904,0.3904
2025-12-02T22:30:57.927223,0.027,1,0.3904,0.3904
2025-12-02T22:30:58.931328,0.026,0,0.3904,0.3904
2025-12-02T22:30:59.934839,0.025,1,0.3904,0.3904
2025-12-02T22:31:00.937214,0.025,0,0.3904,0.3904
2025-12-02T22:31:01.942214,0.025,0,0.3904,0.3904
2025-12-02T22:31:02.947777,0.027,1,0.3904,0.3904
2025-12-02T22:31:03.959271,0.029,12,0.392,0.392
2025-12-02T22:31:04.962008,0.03,7,0.3932,0.3932
2025-12-02T22:31:05.965497,0.029,0,0.3932,0.3932
2025-12-02T22:31:06.969564,0.031,0,0.3932,0.3932
2025-12-02T22:31:07.974065,0.028,0,0.3932,0.3932
2025-12-02T22:31:08.977264,0.027,0,0.3932,0.3932
2025-12-02T22:31:09.981850,0.025,2,0.3932,0.3932
2025-12-02T22:31:11.005497,0.028,15,0.3949,0.3949
2025-12-02T22:31:11.990716,0.028,5,0.3953,0.3953
2025-12-02T22:31:12.993832,0.027,0,0.3953,0.3953
2025-12-02T22:31:13.997996,0.028,0,0.3953,0.3953
2025-12-02T22:31:15.001639,0.028,0,0.3953,0.3953
2025-12-02T22:31:16.006067,0.026,0,0.3953,0.3953
2025-12-02T22:31:17.013876,0.025,6,0.3959,0.3959
2025-12-02T22:31:18.020077,0.027,18,0.3977,0.3977
2025-12-02T22:31:19.019731,0.028,0,0.3977,0.3977
2025-12-02T22:31:20.025802,0.029,0,0.3977,0.3977
2025-12-02T22:31:21.031039,0.029,0,0.3977,0.3977
2025-12-02T22:31:22.033822,0.029,0,0.3977,0.3977
2025-12-02T22:31:23.038353,0.028,2,0.3977,0.3977
2025-12-02T22:31:24.041858,0.026,0,0.3977,0.3977
2025-12-02T22:31:25.046527,0.026,0,0.3977,0.3977
2025-12-02T22:31:26.051966,0.025,0,0.3977,0.3977
2025-12-02T22:31:27.055713,0.025,0,0.3977,0.3977
2025-12-02T22:31:28.061167,0.025,2,0.3977,0.3977
2025-12-02T22:31:29.065886,0.03,0,0.3977,0.3977
2025-12-02T22:31:30.069607,0.031,0,0.3977,0.3977
2025-12-02T22:31:31.184254,0.031,12,0.3997,0.3997
2025-12-02T22:31:32.091134,0.032,9,0.3996,0.3996
2025-12-02T22:31:33.094620,0.032,0,0.3996,0.3996
2025-12-02T22:31:34.099822,0.028,0,0.3996,0.3996
2025-12-02T22:31:35.103294,0.027,0,0.3996,0.3996
2025-12-02T22:31:36.108703,0.028,0,0.3996,0.3996
2025-12-02T22:31:37.113837,0.029,2,0.3996,0.3996
2025-12-02T22:31:38.146511,0.029,7,0.4005,0.4005
2025-12-02T22:31:39.122724,0.032,12,0.4009,0.4009
2025-12-02T22:31:40.127083,0.032,0,0.4009,0.4009
2025-12-02T22:31:41.131977,0.034,0,0.4009,0.4009
2025-12-02T22:31:42.135752,0.033,0,0.4009,0.4009
2025-12-02T22:31:43.138986,0.033,0,0.4009,0.4009
2025-12-02T22:31:44.142709,0.029,2,0.4009,0.4009
2025-12-02T22:31:45.170785,0.03,8,0.4022,0.4022
2025-12-02T22:31:46.153833,0.029,15,0.4024,0.4024
2025-12-02T22:31:47.157406,0.029,0,0.4024,0.4024
2025-12-02T22:31:48.162635,0.03,0,0.4024,0.4024
2025-12-02T22:31:49.168084,0.035,0,0.4024,0.4024
2025-12-02T22:31:50.171770,0.035,0,0.4024,0.4024
2025-12-02T22:31:51.176875,0.033,2,0.4024,0.4024
2025-12-02T22:31:52.179923,0.032,0,0.4024,0.4024
2025-12-02T22:31:53.183988,0.031,0,0.4024,0.4024
2025-12-02T22:31:54.189170,0.026,0,0.4024,0.4024
2025-12-02T22:31:55.194263,0.025,0,0.4024,0.4024
2025-12-02T22:31:56.198076,0.026,2,0.4024,0.4024
2025-12-02T22:31:57.202552,0.028,0,0.4024,0.4024
2025-12-02T22:31:58.207976,0.029,0,0.4024,0.4024
2025-12-02T22:31:59.213042,0.029,0,0.4024,0.4024
2025-12-02T22:32:00.216768,0.03,0,0.4024,0.4024
2025-12-02T22:32:01.225063,0.031,9,0.4027,0.4027
2025-12-02T22:32:02.228049,0.036,13,0.4029,0.4029
2025-12-02T22:32:03.231822,0.037,0,0.4029,0.4029
2025-12-02T22:32:04.236286,0.037,0,0.4029,0.4029
2025-12-02T22:32:05.241334,0.036,0,0.4029,0.4029
2025-12-02T22:32:06.244541,0.034,0,0.4029,0.4029
2025-12-02T22:32:07.249036,0.028,2,0.4029,0.4029
2025-12-02T22:32:08.339090,0.029,5,0.4025,0.4025
2025-12-02T22:32:09.259493,0.029,13,0.4037,0.4037
2025-12-02T22:32:10.261490,0.03,0,0.4037,0.4037
2025-12-02T22:32:11.265648,0.031,0,0.4037,0.4037
2025-12-02T22:32:12.271051,0.03,0,0.4037,0.4037
2025-12-02T22:32:13.273827,0.028,0,0.4037,0.4037
2025-12-02T22:32:14.278983,0.026,2,0.4037,0.4037
2025-12-02T22:32:15.287681,0.025,8,0.4047,0.4047
2025-12-02T22:32:16.287896,0.027,15,0.4045,0.4045
2025-12-02T22:32:17.292457,0.026,0,0.4045,0.4045
2025-12-02T22:32:18.296412,0.034,0,0.4045,0.4045
2025-12-02T22:32:19.299015,0.036,0,0.4045,0.4045
2025-12-02T22:32:20.303502,0.036,0,0.4045,0.4045
2025-12-02T22:32:21.324004,0.034,2,0.4045,0.4045
2025-12-02T22:32:22.323337,0.034,0,0.4045,0.4045
2025-12-02T22:32:23.327171,0.026,0,0.4045,0.4045
2025-12-02T22:32:24.331006,0.025,0,0.4045,0.4045
2025-12-02T22:32:25.335853,0.027,0,0.4045,0.4045
2025-12-02T22:32:26.341312,0.029,2,0.4045,0.4045
2025-12-02T22:32:27.344088,0.03,0,0.4045,0.4045
2025-12-02T22:32:28.348178,0.031,0,0.4045,0.4045
2025-12-02T22:32:29.358878,0.032,0,0.4045,0.4045
2025-12-02T22:32:30.364682,0.03,8,0.4046,0.4046
2025-12-02T22:32:31.389640,0.031,11,0.4055,0.4055
2025-12-02T22:32:32.393757,0.031,0,0.4055,0.4055
2025-12-02T22:32:33.398044,0.029,0,0.4055,0.4055
2025-12-02T22:32:34.402899,0.03,0,0.4055,0.4055
2025-12-02T22:32:35.406930,0.029,0,0.4055,0.4055
2025-12-02T22:32:36.412289,0.025,2,0.4055,0.4055
2025-12-02T22:32:37.492511,0.025,12,0.4061,0.4061
2025-12-02T22:32:38.422633,0.026,11,0.4067,0.4067
2025-12-02T22:32:39.426235,0.026,0,0.4067,0.4067
2025-12-02T22:32:40.429203,0.027,0,0.4067,0.4067
2025-12-02T22:32:41.433726,0.03,0,0.4067,0.4067
2025-12-02T22:32:42.437343,0.03,0,0.4067,0.4067
2025-12-02T22:32:43.440142,0.029,2,0.4067,0.4067
2025-12-02T22:32:44.448045,0.028,4,0.4072,0.4072
2025-12-02T22:32:45.450494,0.028,17,0.4079,0.4079
2025-12-02T22:32:46.452247,0.028,0,0.4079,0.4079
2025-12-02T22:32:47.456544,0.028,0,0.4079,0.4079
2025-12-02T22:32:48.461113,0.028,0,0.4079,0.4079
2025-12-02T22:32:49.466924,0.03,0,0.4079,0.4079
2025-12-02T22:32:50.471977,0.03,2,0.4079,0.4079
2025-12-02T22:32:51.473548,0.026,0,0.4079,0.4079
2025-12-02T22:32:52.477508,0.025,0,0.4079,0.4079
2025-12-02T22:32:53.482207,0.025,0,0.4079,0.4079
2025-12-02T22:32:54.487541,0.025,0,0.4079,0.4079
2025-12-02T22:32:55.491535,0.025,2,0.4079,0.4079
2025-12-02T22:32:56.494248,0.025,0,0.4079,0.4079
2025-12-02T22:32:57.498555,0.025,0,0.4079,0.4079
2025-12-02T22:32:58.502149,0.025,0,0.4079,0.4079
2025-12-02T22:32:59.521144,0.025,8,0.4077,0.4077
2025-12-02T22:33:00.510296,0.025,12,0.4091,0.4091
2025-12-02T22:33:01.513921,0.026,0,0.4091,0.4091
2025-12-02T22:33:02.518200,0.028,0,0.4091,0.4091
2025-12-02T22:33:03.522448,0.029,0,0.4091,0.4091
2025-12-02T22:33:04.525740,0.029,0,0.4091,0.4091
2025-12-02T22:33:05.529373,0.028,2,0.4091,0.4091
2025-12-02T22:33:06.535168,0.026,0,0.409,0.409
2025-12-02T22:33:07.538938,0.026,18,0.4103,0.4103
2025-12-02T22:33:08.539236,0.026,1,0.4104,0.4104
2025-12-02T22:33:09.543114,0.026,0,0.4104,0.4104
2025-12-02T22:33:10.547418,0.026,0,0.4104,0.4104
2025-12-02T22:33:11.551691,0.027,0,0.4104,0.4104
2025-12-02T22:33:12.556533,0.027,1,0.4104,0.4104
2025-12-02T22:33:13.559713,0.026,1,0.4104,0.4104
2025-12-02T22:33:14.607191,0.025,16,0.4113,0.4113
2025-12-02T22:33:15.612943,0.026,2,0.4113,0.4113
2025-12-02T22:33:16.616584,0.027,0,0.4113,0.4113
2025-12-02T22:33:17.620476,0.027,0,0.4113,0.4113
2025-12-02T22:33:18.625687,0.028,0,0.4113,0.4113
2025-12-02T22:33:19.630340,0.031,1,0.4113,0.4113
2025-12-02T22:33:20.635386,0.03,1,0.4113,0.4113
2025-12-02T22:33:21.639601,0.03,0,0.4113,0.4113
2025-12-02T22:33:22.643319,0.029,0,0.4113,0.4113
2025-12-02T22:33:23.648164,0.028,0,0.4113,0.4113
2025-12-02T22:33:24.653114,0.025,1,0.4113,0.4113
2025-12-02T22:33:25.655470,0.025,1,0.4113,0.4113
2025-12-02T22:33:26.659189,0.025,0,0.4113,0.4113
2025-12-02T22:33:27.662099,0.025,0,0.4113,0.4113
2025-12-02T22:33:28.668330,0.027,0,0.4113,0.4113
2025-12-02T22:33:29.673135,0.026,1,0.4113,0.4113
2025-12-02T22:33:30.691017,0.026,5,0.4103,0.4103
2025-12-02T22:33:31.679915,0.025,17,0.4106,0.4106
2025-12-02T22:33:32.683432,0.025,0,0.4106,0.4106
2025-12-02T22:33:33.687023,0.026,0,0.4106,0.4106
2025-12-02T22:33:34.690249,0.025,0,0.4106,0.4106
2025-12-02T22:33:35.694462,0.026,0,0.4106,0.4106
2025-12-02T22:33:36.698793,0.026,2,0.4106,0.4106
2025-12-02T22:33:37.704689,0.026,4,0.4108,0.4108
2025-12-02T22:33:38.707019,0.027,15,0.4104,0.4104
2025-12-02T22:33:39.710462,0.028,0,0.4104,0.4104
2025-12-02T22:33:40.714343,0.028,0,0.4104,0.4104
2025-12-02T22:33:41.721101,0.028,0,0.4104,0.4104
2025-12-02T22:33:42.724462,0.027,0,0.4104,0.4104
2025-12-02T22:33:43.728973,0.025,2,0.4104,0.4104
2025-12-02T22:33:44.736863,0.025,2,0.4102,0.4102
2025-12-02T22:33:45.739316,0.025,18,0.4103,0.4103
2025-12-02T22:33:46.742346,0.026,0,0.4103,0.4103
2025-12-02T22:33:47.746837,0.026,0,0.4103,0.4103
2025-12-02T22:33:48.752323,0.027,0,0.4103,0.4103
2025-12-02T22:33:49.756238,0.029,0,0.4103,0.4103
2025-12-02T22:33:50.761068,0.029,2,0.4103,0.4103
2025-12-02T22:33:51.765232,0.028,0,0.4103,0.4103
2025-12-02T22:33:52.770765,0.027,0,0.4103,0.4103
2025-12-02T22:33:53.774338,0.026,0,0.4103,0.4103
2025-12-02T22:33:54.777913,0.024,0,0.4103,0.4103
2025-12-02T22:33:55.782648,0.024,2,0.4103,0.4103
2025-12-02T22:33:56.785894,0.024,0,0.4103,0.4103
2025-12-02T22:33:57.791008,0.025,0,0.4103,0.4103
2025-12-02T22:33:58.794884,0.026,0,0.4103,0.4103
2025-12-02T22:33:59.852569,0.026,3,0.4102,0.4102
2025-12-02T22:34:00.847686,0.027,19,0.4118,0.4118
2025-12-02T22:34:01.848347,0.027,0,0.4118,0.4118
2025-12-02T22:34:02.852754,0.027,0,0.4118,0.4118
2025-12-02T22:34:03.856201,0.027,0,0.4118,0.4118
2025-12-02T22:34:04.860732,0.027,0,0.4118,0.4118
2025-12-02T22:34:05.866981,0.027,2,0.4118,0.4118
2025-12-02T22:34:06.871554,0.027,2,0.4119,0.4119
2025-12-02T22:34:07.876886,0.027,18,0.4136,0.4136
2025-12-02T22:34:08.877585,0.028,2,0.4136,0.4136
2025-12-02T22:34:09.881269,0.027,0,0.4136,0.4136
2025-12-02T22:34:10.886815,0.026,0,0.4136,0.4136
2025-12-02T22:34:11.889099,0.027,0,0.4136,0.4136
2025-12-02T22:34:12.893483,0.027,0,0.4136,0.4136
2025-12-02T22:34:13.897225,0.026,2,0.4136,0.4136
2025-12-02T22:34:14.904278,0.026,15,0.4151,0.4151
2025-12-02T22:34:15.906105,0.027,5,0.4155,0.4155
2025-12-02T22:34:16.910537,0.027,0,0.4155,0.4155
2025-12-02T22:34:17.914869,0.026,0,0.4155,0.4155
2025-12-02T22:34:18.920047,0.027,0,0.4155,0.4155
2025-12-02T22:34:19.924233,0.026,0,0.4155,0.4155
2025-12-02T22:34:20.928836,0.026,2,0.4155,0.4155
2025-12-02T22:34:21.934695,0.027,0,0.4155,0.4155
2025-12-02T22:34:22.938872,0.027,0,0.4155,0.4155
2025-12-02T22:34:23.943647,0.026,0,0.4155,0.4155
2025-12-02T22:34:24.948452,0.026,0,0.4155,0.4155
2025-12-02T22:34:25.954206,0.025,2,0.4155,0.4155
2025-12-02T22:34:26.959291,0.024,0,0.4155,0.4155
2025-12-02T22:34:27.963708,0.023,0,0.4155,0.4155
2025-12-02T22:34:28.966625,0.023,0,0.4155,0.4155
2025-12-02T22:34:29.970815,0.024,0,0.4155,0.4155
2025-12-02T22:34:30.974820,0.025,2,0.4155,0.4155
2025-12-02T22:34:32.021473,0.025,6,0.4152,0.4152
2025-12-02T22:34:32.982699,0.027,18,0.4153,0.4153
2025-12-02T22:34:33.986072,0.026,1,0.4153,0.4153
2025-12-02T22:34:34.990160,0.026,0,0.4153,0.4153
2025-12-02T22:34:35.995668,0.027,0,0.4153,0.4153
2025-12-02T22:34:36.998890,0.028,0,0.4153,0.4153
2025-12-02T22:34:38.003251,0.028,1,0.4153,0.4153
2025-12-02T22:34:39.011588,0.029,1,0.4153,0.4153
2025-12-02T22:34:40.074158,0.031,14,0.4156,0.4156
2025-12-02T22:34:41.019609,0.037,9,0.4156,0.4156
2025-12-02T22:34:42.030228,0.039,0,0.4156,0.4156
2025-12-02T22:34:43.035075,0.039,0,0.4156,0.4156
2025-12-02T22:34:44.039429,0.039,0,0.4156,0.4156
2025-12-02T22:34:45.042541,0.036,0,0.4156,0.4156
2025-12-02T22:34:46.047611,0.028,2,0.4156,0.4156
2025-12-02T22:34:47.069641,0.025,11,0.4154,0.4154
2025-12-02T22:34:48.057431,0.026,6,0.4157,0.4157
2025-12-02T22:34:49.060819,0.026,0,0.4157,0.4157
2025-12-02T22:34:50.065074,0.028,0,0.4157,0.4157
2025-12-02T22:34:51.068631,0.029,0,0.4157,0.4157
2025-12-02T22:34:52.072128,0.029,0,0.4157,0.4157
2025-12-02T22:34:53.076094,0.028,2,0.4157,0.4157
2025-12-02T22:34:54.080376,0.027,0,0.4157,0.4157
2025-12-02T22:34:55.084850,0.026,0,0.4157,0.4157
2025-12-02T22:34:56.089346,0.026,0,0.4157,0.4157
2025-12-02T22:34:57.093740,0.025,0,0.4157,0.4157
2025-12-02T22:34:58.098176,0.023,2,0.4157,0.4157
2025-12-02T22:34:59.104660,0.023,0,0.4157,0.4157
2025-12-02T22:35:00.110807,0.025,5,0.4157,0.4157
2025-12-02T22:35:01.163086,0.027,17,0.4168,0.4168
2025-12-02T22:35:02.118008,0.031,0,0.4168,0.4168
2025-12-02T22:35:03.122345,0.035,0,0.4168,0.4168
2025-12-02T22:35:04.127671,0.035,0,0.4168,0.4168
2025-12-02T22:35:05.130368,0.033,0,0.4168,0.4168
2025-12-02T22:35:06.134873,0.03,1,0.4168,0.4168
2025-12-02T22:35:07.145823,0.028,10,0.417,0.417
2025-12-02T22:35:08.142751,0.027,9,0.4179,0.4179
2025-12-02T22:35:09.146869,0.033,0,0.4179,0.4179
2025-12-02T22:35:10.151827,0.033,0,0.4179,0.4179
2025-12-02T22:35:11.156536,0.034,0,0.4179,0.4179
2025-12-02T22:35:12.160109,0.032,0,0.4179,0.4179
2025-12-02T22:35:13.165332,0.031,2,0.4179,0.4179
2025-12-02T22:35:14.169611,0.028,14,0.4185,0.4185
2025-12-02T22:35:15.173656,0.03,7,0.4186,0.4186
2025-12-02T22:35:16.177553,0.031,0,0.4186,0.4186
2025-12-02T22:35:17.183202,0.032,0,0.4186,0.4186
2025-12-02T22:35:18.186289,0.033,0,0.4186,0.4186
2025-12-02T22:35:19.190585,0.031,0,0.4186,0.4186
2025-12-02T22:35:20.194613,0.029,2,0.4186,0.4186
2025-12-02T22:35:21.198112,0.028,0,0.4186,0.4186
2025-12-02T22:35:22.201812,0.026,0,0.4186,0.4186
2025-12-02T22:35:23.207378,0.027,0,0.4186,0.4186
2025-12-02T22:35:24.210741,0.033,0,0.4186,0.4186
2025-12-02T22:35:25.215145,0.033,2,0.4186,0.4186
2025-12-02T22:35:26.218969,0.034,0,0.4186,0.4186
2025-12-02T22:35:27.226148,0.034,4,0.4193,0.4193
2025-12-02T22:35:28.229688,0.033,15,0.4196,0.4196
2025-12-02T22:35:29.238642,0.028,0,0.4196,0.4196
2025-12-02T22:35:30.241149,0.03,0,0.4196,0.4196
2025-12-02T22:35:31.245307,0.029,0,0.4196,0.4196
2025-12-02T22:35:32.248953,0.029,0,0.4196,0.4196
2025-12-02T22:35:33.253176,0.027,2,0.4196,0.4196
2025-12-02T22:35:34.288881,0.027,9,0.4197,0.4197
2025-12-02T22:35:35.266761,0.034,12,0.4203,0.4203
2025-12-02T22:35:36.279230,0.035,0,0.4203,0.4203
2025-12-02T22:35:37.284944,0.035,0,0.4203,0.4203
2025-12-02T22:35:38.289026,0.037,0,0.4203,0.4203
2025-12-02T22:35:39.293297,0.035,0,0.4203,0.4203
2025-12-02T22:35:40.299342,0.026,2,0.4203,0.4203
2025-12-02T22:35:41.338274,0.027,11,0.4204,0.4204
2025-12-02T22:35:42.342469,0.028,12,0.4212,0.4212
2025-12-02T22:35:43.345400,0.029,0,0.4212,0.4212
2025-12-02T22:35:44.350247,0.031,0,0.4212,0.4212
2025-12-02T22:35:45.355792,0.033,0,0.4212,0.4212
2025-12-02T22:35:46.359877,0.033,0,0.4212,0.4212
2025-12-02T22:35:47.364330,0.033,2,0.4212,0.4212
2025-12-02T22:35:48.369170,0.031,0,0.4212,0.4212
2025-12-02T22:35:49.372984,0.029,0,0.4212,0.4212
2025-12-02T22:35:50.376749,0.028,0,0.4212,0.4212
2025-12-02T22:35:51.380047,0.026,0,0.4212,0.4212
2025-12-02T22:35:52.384659,0.024,2,0.4212,0.4212
2025-12-02T22:35:53.388926,0.025,0,0.4212,0.4212
2025-12-02T22:35:54.393607,0.025,0,0.4212,0.4212
2025-12-02T22:35:55.398189,0.026,0,0.4212,0.4212
2025-12-02T22:35:56.400747,0.025,0,0.4212,0.4212
2025-12-02T22:35:57.421588,0.025,16,0.4218,0.4218
2025-12-02T22:35:58.411638,0.026,7,0.422,0.422
2025-12-02T22:35:59.416115,0.025,0,0.422,0.422
2025-12-02T22:36:00.420882,0.024,0,0.422,0.422
2025-12-02T22:36:01.425451,0.026,0,0.422,0.422
2025-12-02T22:36:02.428255,0.026,0,0.422,0.422
2025-12-02T22:36:03.442125,0.025,2,0.4219,0.4219
2025-12-02T22:36:04.451710,0.028,16,0.4224,0.4224
2025-12-02T22:36:05.451710,0.031,5,0.4225,0.4225
2025-12-02T22:36:06.456439,0.031,0,0.4225,0.4225
2025-12-02T22:36:07.459445,0.031,0,0.4225,0.4225
2025-12-02T22:36:08.463284,0.031,0,0.4225,0.4225
2025-12-02T22:36:09.465352,0.029,0,0.4225,0.4225
2025-12-02T22:36:10.475008,0.026,6,0.4226,0.4226
2025-12-02T22:36:11.542377,0.027,14,0.4241,0.4241
2025-12-02T22:36:12.497490,0.03,0,0.4241,0.4241
2025-12-02T22:36:13.506860,0.032,0,0.4241,0.4241
2025-12-02T22:36:14.508524,0.034,0,0.4241,0.4241
2025-12-02T22:36:15.512137,0.034,0,0.4241,0.4241
2025-12-02T22:36:16.515981,0.036,1,0.4241,0.4241
2025-12-02T22:36:17.519651,0.032,1,0.4241,0.4241
2025-12-02T22:36:18.524012,0.034,0,0.4241,0.4241
2025-12-02T22:36:19.528035,0.032,0,0.4241,0.4241
2025-12-02T22:36:20.531015,0.033,0,0.4241,0.4241
2025-12-02T22:36:21.535587,0.029,1,0.4241,0.4241
2025-12-02T22:36:22.540240,0.035,1,0.4241,0.4241
2025-12-02T22:36:23.544377,0.034,0,0.4241,0.4241
2025-12-02T22:36:24.548479,0.035,0,0.4241,0.4241
2025-12-02T22:36:25.552076,0.036,0,0.4241,0.4241
2025-12-02T22:36:26.563883,0.036,8,0.4246,0.4246
2025-12-02T22:36:27.562540,0.033,11,0.4255,0.4255
2025-12-02T22:36:28.565049,0.031,0,0.4255,0.4255
2025-12-02T22:36:29.570055,0.03,0,0.4255,0.4255
2025-12-02T22:36:30.574768,0.028,0,0.4255,0.4255
2025-12-02T22:36:31.578727,0.028,0,0.4255,0.4255
2025-12-02T22:36:32.584912,0.025,2,0.4254,0.4254
2025-12-02T22:36:33.625603,0.028,17,0.4255,0.4255
2025-12-02T22:36:34.624224,0.036,7,0.4257,0.4257
2025-12-02T22:36:35.626621,0.037,0,0.4257,0.4257
2025-12-02T22:36:36.631599,0.038,0,0.4257,0.4257
2025-12-02T22:36:37.634504,0.04,0,0.4257,0.4257
2025-12-02T22:36:38.638996,0.038,0,0.4257,0.4257
2025-12-02T22:36:39.643256,0.028,2,0.4257,0.4257
2025-12-02T22:36:40.650669,0.027,13,0.426,0.426
2025-12-02T22:36:41.679526,0.029,9,0.426,0.426
2025-12-02T22:36:42.682875,0.028,0,0.426,0.426
2025-12-02T22:36:43.689125,0.03,0,0.426,0.426
2025-12-02T22:36:44.692073,0.032,0,0.426,0.426
2025-12-02T22:36:45.696188,0.032,0,0.426,0.426
2025-12-02T22:36:46.700978,0.03,2,0.426,0.426
2025-12-02T22:36:47.705076,0.058,0,0.426,0.426
2025-12-02T22:36:48.708671,0.056,0,0.426,0.426
2025-12-02T22:36:49.713599,0.056,0,0.426,0.426
2025-12-02T22:36:50.716829,0.056,0,0.426,0.426
2025-12-02T22:36:51.735504,0.055,2,0.426,0.426
2025-12-02T22:36:52.740906,0.032,0,0.426,0.426
2025-12-02T22:36:53.743813,0.032,0,0.426,0.426
2025-12-02T22:36:54.749310,0.032,0,0.426,0.426
2025-12-02T22:36:55.757494,0.032,1,0.4259,0.4259
2025-12-02T22:36:56.812678,0.036,18,0.4273,0.4273
2025-12-02T22:36:57.774583,0.035,4,0.4271,0.4271
2025-12-02T22:36:58.776817,0.035,0,0.4271,0.4271
2025-12-02T22:36:59.780503,0.033,0,0.4271,0.4271
2025-12-02T22:37:00.798519,0.034,0,0.4271,0.4271
2025-12-02T22:37:01.801886,0.032,0,0.4271,0.4271
2025-12-02T22:37:02.807909,0.035,2,0.4271,0.4271
2025-12-02T22:37:03.813126,0.034,0,0.427,0.427
2025-12-02T22:37:04.860173,0.037,20,0.4271,0.4271
2025-12-02T22:37:05.819264,0.041,4,0.4271,0.4271
2025-12-02T22:37:06.824332,0.04,0,0.4271,0.4271
2025-12-02T22:37:07.828102,0.032,0,0.4271,0.4271
2025-12-02T22:37:08.832198,0.033,0,0.4271,0.4271
2025-12-02T22:37:09.835930,0.031,0,0.4271,0.4271
2025-12-02T22:37:10.885999,0.027,4,0.427,0.427
2025-12-02T22:37:11.864160,0.029,18,0.4275,0.4275
2025-12-02T22:37:12.859035,0.033,4,0.4273,0.4273
2025-12-02T22:37:13.860881,0.034,0,0.4273,0.4273
2025-12-02T22:37:14.865154,0.034,0,0.4273,0.4273
2025-12-02T22:37:15.871055,0.034,0,0.4273,0.4273
2025-12-02T22:37:16.874483,0.034,0,0.4273,0.4273
2025-12-02T22:37:17.878389,0.03,2,0.4273,0.4273
2025-12-02T22:37:18.883372,0.029,0,0.4273,0.4273
2025-12-02T22:37:19.885288,0.031,0,0.4273,0.4273
2025-12-02T22:37:20.898365,0.029,0,0.4273,0.4273
2025-12-02T22:37:21.904580,0.028,0,0.4273,0.4273
2025-12-02T22:37:22.908458,0.029,2,0.4273,0.4273
2025-12-02T22:37:23.913573,0.029,0,0.4273,0.4273
2025-12-02T22:37:24.919398,0.027,0,0.4273,0.4273
2025-12-02T22:37:25.924173,0.028,0,0.4273,0.4273
2025-12-02T22:37:26.928653,0.028,0,0.4273,0.4273
2025-12-02T22:37:27.932057,0.027,2,0.4273,0.4273
2025-12-02T22:37:28.938690,0.025,0,0.4273,0.4273
2025-12-02T22:37:29.983193,0.025,15,0.4277,0.4277
2025-12-02T22:37:30.966095,0.026,1,0.4277,0.4277
2025-12-02T22:37:31.969851,0.025,0,0.4277,0.4277
2025-12-02T22:37:32.974647,0.027,0,0.4277,0.4277
2025-12-02T22:37:33.978997,0.028,0,0.4277,0.4277
2025-12-02T22:37:34.982258,0.028,0,0.4277,0.4277
2025-12-02T22:37:35.988121,0.025,7,0.4276,0.4276
2025-12-02T22:37:36.994761,0.028,19,0.4271,0.4271
2025-12-02T22:37:37.996273,0.029,0,0.4271,0.4271
2025-12-02T22:37:39.007728,0.033,0,0.4271,0.4271
2025-12-02T22:37:40.011580,0.034,0,0.4271,0.4271
2025-12-02T22:37:41.015618,0.038,0,0.4271,0.4271
2025-12-02T22:37:42.021351,0.036,2,0.4271,0.4271
2025-12-02T22:37:43.042624,0.033,4,0.427,0.427
2025-12-02T22:37:44.059509,0.03,17,0.4268,0.4268
2025-12-02T22:37:45.050811,0.033,2,0.4267,0.4267
2025-12-02T22:37:46.058441,0.032,0,0.4267,0.4267
2025-12-02T22:37:47.059748,0.032,0,0.4267,0.4267
2025-12-02T22:37:48.063679,0.032,0,0.4267,0.4267
2025-12-02T22:37:49.069010,0.029,1,0.4267,0.4267
2025-12-02T22:37:50.074006,0.029,1,0.4267,0.4267
2025-12-02T22:37:51.077631,0.028,0,0.4267,0.4267
2025-12-02T22:37:52.082385,0.028,0,0.4267,0.4267
2025-12-02T22:37:53.085954,0.03,0,0.4267,0.4267
2025-12-02T22:37:54.092389,0.032,1,0.4267,0.4267
2025-12-02T22:37:55.180462,0.033,1,0.4267,0.4267
2025-12-02T22:37:56.212592,0.033,0,0.4267,0.4267
2025-12-02T22:37:57.217385,0.032,0,0.4267,0.4267
2025-12-02T22:37:58.221744,0.032,0,0.4267,0.4267
2025-12-02T22:37:59.273214,0.031,10,0.4266,0.4266
2025-12-02T22:38:00.242748,0.029,13,0.427,0.427
2025-12-02T22:38:01.254058,0.03,0,0.427,0.427
2025-12-02T22:38:02.261904,0.032,0,0.427,0.427
2025-12-02T22:38:03.271279,0.034,0,0.427,0.427
2025-12-02T22:38:04.280250,0.034,0,0.427,0.427
2025-12-02T22:38:05.285074,0.034,2,0.427,0.427
2025-12-02T22:38:06.293249,0.035,0,0.427,0.427
2025-12-02T22:38:07.296104,0.034,0,0.427,0.427
2025-12-02T22:38:08.301071,0.033,0,0.427,0.427
2025-12-02T22:38:09.304517,0.034,0,0.427,0.427
2025-12-02T22:38:10.311654,0.033,3,0.4268,0.4268
2025-12-02T22:38:11.317221,0.031,14,0.4266,0.4266
2025-12-02T22:38:12.318752,0.031,4,0.4269,0.4269
2025-12-02T22:38:13.323038,0.03,0,0.4269,0.4269
2025-12-02T22:38:14.327022,0.03,0,0.4269,0.4269
2025-12-02T22:38:15.331662,0.029,0,0.4269,0.4269
2025-12-02T22:38:16.337829,0.029,0,0.4269,0.4269
2025-12-02T22:38:17.342721,0.028,2,0.4269,0.4269
2025-12-02T22:38:18.375437,0.029,6,0.427,0.427
2025-12-02T22:38:19.351295,0.028,14,0.4268,0.4268
2025-12-02T22:38:20.354067,0.037,0,0.4268,0.4268
2025-12-02T22:38:21.359082,0.036,0,0.4268,0.4268
2025-12-02T22:38:22.363642,0.037,0,0.4268,0.4268
2025-12-02T22:38:23.368270,0.036,0,0.4268,0.4268
2025-12-02T22:38:24.371935,0.037,2,0.4268,0.4268
2025-12-02T22:38:25.375504,0.027,0,0.4268,0.4268
2025-12-02T22:38:26.380107,0.027,0,0.4268,0.4268
2025-12-02T22:38:27.384781,0.026,0,0.4268,0.4268
2025-12-02T22:38:28.388641,0.026,0,0.4268,0.4268
2025-12-02T22:38:29.393726,0.025,2,0.4268,0.4268
2025-12-02T22:38:30.397228,0.024,0,0.4268,0.4268
2025-12-02T22:38:31.401915,0.024,0,0.4268,0.4268
2025-12-02T22:38:32.408528,0.026,0,0.4268,0.4268
2025-12-02T22:38:33.410912,0.026,0,0.4268,0.4268
2025-12-02T22:38:34.443077,0.026,16,0.4262,0.4262
2025-12-02T22:38:35.420129,0.028,5,0.426,0.426
2025-12-02T22:38:36.547954,0.031,0,0.426,0.426
2025-12-02T22:38:37.454545,0.032,0,0.426,0.426
2025-12-02T22:38:38.459726,0.033,0,0.426,0.426
2025-12-02T22:38:39.465188,0.037,0,0.426,0.426
2025-12-02T22:38:40.467311,0.037,2,0.426,0.426
2025-12-02T22:38:41.471492,0.035,0,0.426,0.426
2025-12-02T22:38:42.503379,0.032,6,0.4258,0.4258
2025-12-02T22:38:43.495466,0.032,17,0.4256,0.4256
2025-12-02T22:38:44.506139,0.032,1,0.4257,0.4257
2025-12-02T22:38:45.511630,0.033,0,0.4257,0.4257
2025-12-02T22:38:46.514485,0.033,0,0.4257,0.4257
2025-12-02T22:38:47.519238,0.034,0,0.4257,0.4257
2025-12-02T22:38:48.524926,0.033,1,0.4257,0.4257
2025-12-02T22:38:49.528053,0.029,1,0.4257,0.4257
2025-12-02T22:38:50.593321,0.03,14,0.4255,0.4255
2025-12-02T22:38:51.537525,0.03,7,0.4254,0.4254
2025-12-02T22:38:52.542096,0.031,0,0.4254,0.4254
2025-12-02T22:38:53.545947,0.03,0,0.4254,0.4254
2025-12-02T22:38:54.550390,0.032,0,0.4254,0.4254
2025-12-02T22:38:55.554607,0.032,0,0.4254,0.4254
2025-12-02T22:38:56.561304,0.034,2,0.4254,0.4254
2025-12-02T22:38:57.563542,0.033,0,0.4254,0.4254
2025-12-02T22:38:58.568634,0.033,0,0.4254,0.4254
2025-12-02T22:38:59.573198,0.03,0,0.4254,0.4254
2025-12-02T22:39:00.578344,0.029,0,0.4254,0.4254
2025-12-02T22:39:01.583266,0.027,2,0.4254,0.4254
2025-12-02T22:39:02.588106,0.029,0,0.4254,0.4254
2025-12-02T22:39:03.594136,0.029,0,0.4254,0.4254
2025-12-02T22:39:04.599679,0.03,5,0.4255,0.4255
2025-12-02T22:39:05.603192,0.033,15,0.4257,0.4257
2025-12-02T22:39:06.606806,0.037,1,0.4256,0.4256
2025-12-02T22:39:07.618740,0.035,0,0.4256,0.4256
2025-12-02T22:39:08.623955,0.037,0,0.4256,0.4256
2025-12-02T22:39:09.627371,0.036,0,0.4256,0.4256
2025-12-02T22:39:10.631729,0.033,1,0.4256,0.4256
2025-12-02T22:39:11.637894,0.026,1,0.4256,0.4256
2025-12-02T22:39:12.643981,0.028,12,0.4262,0.4262
2025-12-02T22:39:13.656206,0.029,10,0.4265,0.4265
2025-12-02T22:39:14.656980,0.03,0,0.4265,0.4265
2025-12-02T22:39:15.661830,0.031,0,0.4265,0.4265
2025-12-02T22:39:16.666331,0.032,0,0.4265,0.4265
2025-12-02T22:39:17.671472,0.033,0,0.4265,0.4265
2025-12-02T22:39:18.674967,0.032,2,0.4265,0.4265
2025-12-02T22:39:19.682829,0.029,2,0.4267,0.4267
2025-12-02T22:39:20.714148,0.03,18,0.4272,0.4272
2025-12-02T22:39:21.687636,0.034,1,0.4272,0.4272
2025-12-02T22:39:22.695539,0.037,0,0.4272,0.4272
2025-12-02T22:39:23.694933,0.035,0,0.4272,0.4272
2025-12-02T22:39:24.698591,0.04,0,0.4272,0.4272
2025-12-02T22:39:25.744975,0.043,1,0.4272,0.4272
2025-12-02T22:39:26.748202,0.039,1,0.4272,0.4272
2025-12-02T22:39:27.755386,0.034,0,0.4272,0.4272
2025-12-02T22:39:28.760665,0.037,0,0.4272,0.4272
2025-12-02T22:39:29.764915,0.033,0,0.4272,0.4272
2025-12-02T22:39:30.769723,0.031,1,0.4272,0.4272
2025-12-02T22:39:31.782243,0.031,1,0.4272,0.4272
2025-12-02T22:39:32.793754,0.031,0,0.4272,0.4272
2025-12-02T22:39:33.800258,0.029,0,0.4272,0.4272
2025-12-02T22:39:34.870951,0.03,0,0.4272,0.4272
2025-12-02T22:39:35.877910,0.03,2,0.4272,0.4272
2025-12-02T22:39:36.894248,0.031,0,0.4272,0.4272
2025-12-02T22:39:37.897771,0.032,0,0.4272,0.4272
2025-12-02T22:39:38.902899,0.034,0,0.4272,0.4272
2025-12-02T22:39:39.910708,0.036,0,0.4272,0.4272
2025-12-02T22:39:40.915850,0.036,2,0.4272,0.4272
2025-12-02T22:39:41.918673,0.035,0,0.4272,0.4272
2025-12-02T22:39:42.922916,0.034,0,0.4272,0.4272
2025-12-02T22:39:43.926970,0.034,0,0.4272,0.4272
2025-12-02T22:39:44.938030,0.034,0,0.4272,0.4272
2025-12-02T22:39:45.943521,0.033,2,0.4272,0.4272
2025-12-02T22:39:46.945137,0.034,0,0.4272,0.4272
2025-12-02T22:39:47.951316,0.035,0,0.4272,0.4272
2025-12-02T22:39:48.953792,0.032,0,0.4272,0.4272
2025-12-02T22:39:49.956585,0.028,0,0.4272,0.4272
2025-12-02T22:39:50.986570,0.025,2,0.4272,0.4272
2025-12-02T22:39:51.989270,0.023,0,0.4272,0.4272
2025-12-02T22:39:52.993764,0.022,0,0.4272,0.4272
2025-12-02T22:39:54.053063,0.023,12,0.4251,0.4251
2025-12-02T22:39:55.005015,0.025,11,0.4233,0.4233
2025-12-02T22:39:56.011292,0.03,0,0.4233,0.4233
2025-12-02T22:39:57.012336,0.032,0,0.4233,0.4233
2025-12-02T22:39:58.016291,0.033,0,0.4233,0.4233
2025-12-02T22:39:59.020793,0.033,0,0.4233,0.4233
2025-12-02T22:40:00.027177,0.031,2,0.4233,0.4233
2025-12-02T22:40:01.059174,0.027,4,0.4229,0.4229
2025-12-02T22:40:02.048106,0.027,18,0.4218,0.4218
2025-12-02T22:40:03.036754,0.028,2,0.4216,0.4216
2025-12-02T22:40:04.040523,0.026,0,0.4216,0.4216
2025-12-02T22:40:05.045333,0.033,0,0.4216,0.4216
2025-12-02T22:40:06.048769,0.034,0,0.4216,0.4216
2025-12-02T22:40:07.053758,0.033,1,0.4216,0.4216
2025-12-02T22:40:08.055832,0.049,1,0.4216,0.4216
2025-12-02T22:40:09.118005,0.051,9,0.4212,0.4212
2025-12-02T22:40:10.065267,0.047,14,0.4219,0.4219
2025-12-02T22:40:11.069561,0.049,0,0.4219,0.4219
2025-12-02T22:40:12.073461,0.049,0,0.4219,0.4219
2025-12-02T22:40:13.080083,0.033,0,0.4219,0.4219
2025-12-02T22:40:14.081717,0.032,0,0.4219,0.4219
2025-12-02T22:40:15.086008,0.031,2,0.4219,0.4219
2025-12-02T22:40:16.090794,0.029,0,0.4219,0.4219
